companyName,contactName,email,phone,industry,website,description,status,source
"Jackson, Williams and Conley",Jade Frost,bryanandrews@turner.com,260-050-5191x596,Morph,http://conner.com/,Synchronized radical Internet solution,Active,Referral
Hernandez-Stewart,Anthony Schmidt,npage@haney-terrell.org,+1-787-728-4908x9672,Seize,http://www.moody.com/,Streamlined zero-defect benchmark,Active,Ad Campaign
Gentry-Moore,Cassandra Hutchinson,jacqueline22@arellano.com,252.226.7789x5350,Mesh,http://www.villa.com/,Exclusive uniform flexibility,Potential,Ad Campaign
"Jordan, Friedman and Reeves",Hannah Green,pagemichael@hotmail.com,(951)863-0039x8804,Re-contextualize,https://fitzpatrick.com/,User-friendly discrete groupware,Inactive,Referral
Sandoval-Perez,Joe Ward,smithwilliam@hotmail.com,3924216074,Mesh,https://reed.info/,Digitized executive budgetary management,Active,Website
Tate-Foster,Nicholas Christensen,angelawong@hotmail.com,(637)145-9247,Cultivate,https://hernandez.com/,Profound tertiary architecture,Potential,Website
Cook Ltd,Amanda Santiago,kimberly98@miller.org,730.465.8865x62279,Productize,https://www.gardner-alvarado.com/,Operative context-sensitive adapter,Potential,Referral
Jones-Johnson,Michael Boyd,rileykenneth@hotmail.com,442-795-7406x875,Repurpose,http://harper.com/,Fundamental upward-trending analyzer,Potential,Ad Campaign
"Newman, Garcia and White",Makayla Briggs,joshua14@reyes.com,001-622-238-5987x32248,Cultivate,http://goodwin.com/,Triple-buffered national matrices,Potential,Social Media
"Robinson, Anderson and Roberts",Laura Barrett,zacharyle@yahoo.com,217-686-6336x37145,Disintermediate,https://patterson.com/,Multi-lateral composite data-warehouse,Potential,Referral
"Collins, Pierce and Oneal",Mckenzie Benjamin,alex14@myers.net,001-835-219-2278x5356,E-enable,http://schultz.com/,Open-source actuating contingency,Inactive,Referral
Andrews-Gomez,Joseph Wheeler,sharonturner@brown.com,456.025.1884,Grow,http://www.brown-arnold.com/,Customer-focused contextually-based strategy,Potential,Website
Williams-Cobb,William Petersen,angelahubbard@anderson-payne.info,9990477070,Aggregate,http://mcclure-knight.com/,Organized actuating artificial intelligence,Active,Ad Campaign
Hunt Group,Karen Garcia,blairphilip@yahoo.com,001-316-709-0901,Drive,https://www.stewart.com/,Re-engineered upward-trending forecast,Potential,Website
Anderson-Alexander,Nicholas Pitts,bakerandrea@carter-little.info,(156)579-4960x2359,Transition,http://www.fletcher-acosta.org/,Operative transitional functionalities,Potential,Website
Nguyen-Mcconnell,Briana Melton,daniel93@hotmail.com,002.734.3075x0804,Visualize,https://rivas.com/,Object-based intermediate policy,Active,Social Media
Taylor-Turner,Catherine Miller,angela40@haynes.com,001-519-992-9187,Monetize,https://www.christian-bowman.com/,Assimilated asymmetric application,Active,Website
"Lewis, Odom and Spencer",Jennifer Harrison,kennethvelasquez@rowe-griffith.com,021.546.7686,Drive,http://perkins-andrews.net/,Sharable discrete infrastructure,Active,Website
Rodriguez-Robinson,Nicholas Rogers,wmoore@griffith.net,075-706-1200x18413,Leverage,https://bruce-flowers.net/,Reactive tertiary core,Active,Website
York PLC,Joseph Wright,amanda42@ramirez.net,001-439-267-8498,Revolutionize,http://lawrence.com/,Balanced bottom-line core,Potential,Social Media
"Clarke, Dorsey and Foster",Thomas Chambers,gwalker@boyer.biz,670.399.8727x9640,Re-contextualize,http://www.baker.info/,Seamless 3rdgeneration adapter,Active,Referral
"Vincent, Johnson and Perkins",Abigail Black,danielle26@hotmail.com,(113)453-7198x63686,Facilitate,http://campbell-keith.info/,User-centric regional intranet,Potential,Social Media
"Evans, Davis and Cole",Justin James,nwilliams@shannon.com,(327)027-1649,Evolve,https://www.collins.com/,Customer-focused methodical success,Inactive,Website
Baird Group,Matthew King,usimmons@yahoo.com,001-941-203-4478x8306,Repurpose,https://simmons.biz/,Synergistic analyzing forecast,Active,Ad Campaign
Newton Inc,Sarah Bell,mosleyjonathan@thomas-payne.net,1760971210,Generate,http://griffin.com/,Function-based upward-trending artificial intelligence,Active,Ad Campaign
Williams and Sons,Douglas Murphy,vfoley@gmail.com,001-555-455-8516x3563,Unleash,https://www.smith-watson.com/,Exclusive mission-critical open system,Potential,Ad Campaign
Miranda LLC,Sarah Gordon,henryhill@rodgers-hamilton.net,732.271.1827x50343,Visualize,http://www.leonard.com/,Organic real-time open system,Potential,Website
"Fox, Jenkins and Davidson",Gregory Gill,qrobinson@hotmail.com,390-337-7549,Facilitate,https://www.thompson.info/,Right-sized stable artificial intelligence,Active,Referral
Baxter Inc,Elizabeth Cortez,snyderwilliam@romero.biz,493-318-8251,Implement,https://www.phillips.biz/,Team-oriented next generation groupware,Inactive,Social Media
Smith-Diaz,Arthur Small,jenglish@aguilar.com,890-067-9815,Streamline,http://www.young.com/,Re-engineered optimal project,Inactive,Ad Campaign
"Martin, Middleton and Freeman",Carlos Morgan,terryeric@ramirez-garcia.com,(103)584-6532,Redefine,https://nelson-smith.com/,Function-based bifurcated system engine,Active,Ad Campaign
Barr Group,Anna Porter,alicia00@sellers-hines.com,349-568-7205,Matrix,https://richards.com/,Expanded even-keeled archive,Potential,Website
Wagner and Sons,Richard Dunn,ellissherry@hotmail.com,001-648-690-1511x9878,Re-contextualize,https://www.ross.biz/,Programmable leadingedge approach,Potential,Social Media
"Bates, Mcdonald and Hayden",Thomas Gilbert,bakerfrederick@barnes.com,068-556-7151,Envisioneer,https://perez-webb.com/,Cross-group actuating data-warehouse,Potential,Referral
Miles-Harris,Kenneth Parks,wilsoneric@hotmail.com,839-032-4599,Unleash,https://pittman-massey.com/,Centralized solution-oriented middleware,Potential,Referral
Shaffer Ltd,Madeline Flores,ccampbell@gmail.com,968.621.4701,Redefine,http://spencer.com/,Enterprise-wide value-added frame,Active,Referral
Ortiz-Conley,Corey Cooper,pearsonglenn@romero.com,(350)602-4406x59424,Visualize,https://merritt.net/,Inverse executive productivity,Active,Social Media
Jones-Tyler,Kevin Baker,stephenscheryl@reyes-shields.info,001-438-751-7509x041,Exploit,http://butler-freeman.org/,Front-line 24/7 workforce,Active,Ad Campaign
"Ruiz, Hardin and Morris",Heather Burton,jacksonmichelle@yahoo.com,+1-050-617-8780,Aggregate,https://www.todd.com/,Synergistic local function,Inactive,Ad Campaign
"Martin, Houston and Stevenson",Jason Scott Jr.,zbrown@gmail.com,(146)685-1548x2346,Leverage,http://patton.info/,Expanded maximized strategy,Potential,Ad Campaign
